<?xml version="1.0" encoding="UTF-8"?>
<!DOCTYPE configuration PUBLIC "-//mybatis.org//DTD Config 3.0//EN"
        "http://mybatis.org/dtd/mybatis-3-config.dtd">
<configuration>

<!--    properties标签中的配置可以供整个配置文件使用，在任何位置都可以引入其中配置的值。-->
<!--    properties标签可以通过子标签property标签来配置-些子元素信息，也可以配置外部的动态文件。-->
<properties resource="mysql.properties"/> <!--也可以配置url,但url和resource只能存在一个-->


<!-- 对事务的管理和连接池的配置-->
<environments default="development" >
    <environment id="development" >
        <transactionManager type="JDBC" />
        <dataSource type= "POOLED">
            <property name="driver" value= "${jdbc.driver}" />
            <property name="url" value="${jdbc.url}"/>
            <property
                    name="username" value="${username}"/>
            <property name="password" value= "${password}"/>
        </dataSource>
    </environment>
</environments>
    <!-- mappers映射器-->
    <mappers>
<!--         映射文件方式1，一个一个的配置-->
<!--         <mapper resource="com/xxxx/mapper/UserMapper.xml"/>-->
<!--         <mapper class="com.xxxx.mapper.UserMapper"/>-->

<!--        &lt;!&ndash; 映射文件方式2，自动扫描包内的Mapper接口与配置文件&ndash;&gt;-->
        <package name= "com.xxxx.mapper" />
    </mappers>
</configuration>
